{
  "analysis_window_end_ms": 1200.0,
  "analysis_window_start_ms": 1000.0,
  "fano_factor": 1.5,
  "mean_firing_rate_hz": 4.322,
  "median_cv_isi": 0.38215125836716257,
  "pairwise_correlation": 0.03268416887948662,
  "pairwise_correlation_pairs": 80,
  "psd_peak_frequency_hz": 19.531250000017764,
  "psd_peak_power": 1.1619545152056636,
  "recorded_mean_rate_hz": 3.25,
  "spike_count": 52,
  "valid_cv_neuron_count": 2
}