{
  "analysis_window_end_ms": 1200.0,
  "analysis_window_start_ms": 1000.0,
  "fano_factor": 7.535714285714286,
  "mean_firing_rate_hz": 2.928,
  "median_cv_isi": 0.13329735563950326,
  "pairwise_correlation": 0.136676750101479,
  "pairwise_correlation_pairs": 80,
  "psd_peak_frequency_hz": 9.765625000008882,
  "psd_peak_power": 0.5743984066805083,
  "recorded_mean_rate_hz": 3.4999999999999996,
  "spike_count": 56,
  "valid_cv_neuron_count": 1
}