{
  "analysis_window_end_ms": 1200.0,
  "analysis_window_start_ms": 1000.0,
  "fano_factor": 0.9333333333333333,
  "mean_firing_rate_hz": 3.24,
  "median_cv_isi": 0.09152542372881356,
  "pairwise_correlation": -0.014092685284836235,
  "pairwise_correlation_pairs": 80,
  "psd_peak_frequency_hz": 39.06250000003553,
  "psd_peak_power": 0.022666329477611186,
  "recorded_mean_rate_hz": 3.75,
  "spike_count": 60,
  "valid_cv_neuron_count": 1
}